modality,embedding_dimension_1,embedding_dimension_2
audio,-19.097559,-35.275738
audio,-1.5750065,-30.268684
audio,-20.073908,-42.041283
audio,-5.337957,-40.48827
audio,-24.07019,-39.455975
audio,-36.074013,-32.431095
audio,9.665317,-10.814323
audio,-5.4874167,36.648804
audio,16.75652,-24.299042
audio,-6.9526377,-40.835102
audio,-21.07097,-27.960726
audio,-27.435003,-37.79885
audio,-2.7077866,-40.31172
audio,17.352018,-21.762398
audio,-17.30197,-41.145897
audio,-19.287233,-2.5346665
audio,-11.383877,-44.181293
audio,-0.4023777,-22.010538
audio,25.656668,-24.982704
audio,35.489174,14.714965
audio,-11.464941,-40.98164
audio,-11.8922615,-3.5563776
audio,-6.6819158,-27.352154
audio,20.96505,4.7622294
audio,-35.994366,-37.47721
audio,-31.417223,-42.282124
audio,-28.56896,-29.357168
audio,2.9914134,-39.63857
audio,-8.053341,-43.94217
audio,-29.627462,-37.847595
audio,38.773266,8.875768
audio,22.909786,11.228171
audio,-2.8077145,-46.418526
audio,-20.095304,-15.275105
audio,1.8147916,-33.041718
audio,3.3582473,-15.201874
audio,-38.029846,-33.017994
audio,-19.720873,-45.617123
audio,10.750193,-15.910731
audio,-40.845596,-20.322218
audio,-33.382618,-31.858665
audio,-23.264763,-38.755272
audio,34.918182,10.774144
audio,-33.57403,-42.51021
audio,3.9205458,32.14686
audio,-12.279054,-40.027122
audio,33.49342,15.005532
audio,-14.861733,-41.195145
audio,-22.566332,-22.612213
audio,13.177874,-6.5132155
audio,-23.570503,-8.582797
audio,44.539528,-2.561352
audio,-13.450149,-16.431755
audio,26.080204,-24.796244
audio,-19.091257,-24.626987
audio,54.33777,-1.5712143
audio,-15.091251,-4.0257897
audio,41.19288,-21.25239
audio,1.7219213,27.906708
audio,25.422112,3.146486
audio,44.392544,0.21280223
audio,35.630512,30.260977
audio,43.0334,-24.574259
audio,-15.290392,-6.902465
audio,45.22253,15.452037
audio,-38.090363,-22.820599
audio,6.4637394,-10.252814
audio,9.836338,-7.270289
audio,3.3405325,30.772734
audio,-8.009986,-27.308578
audio,50.498318,-3.9296694
audio,37.6237,2.6404092
audio,32.27718,-10.986251
audio,25.416918,-1.7164718
audio,-6.156699,-3.8708973
audio,27.550894,27.783596
audio,-12.797654,-38.097633
audio,6.5775485,-24.983185
audio,44.474068,-3.599144
audio,-17.480927,-49.719418
audio,31.018469,3.0310364
audio,0.28991568,3.119992
audio,2.3349767,32.470196
audio,50.184986,9.586582
audio,23.716488,39.04297
audio,44.503853,-0.817229
audio,-22.575924,-43.112755
audio,-29.306942,-44.318474
audio,-3.9315174,-43.462685
audio,30.643826,-12.720113
audio,18.935215,-30.32264
audio,-21.57789,-32.308353
audio,27.654089,28.434677
audio,50.488876,12.158993
audio,-37.303253,-38.94315
audio,31.650383,3.4230454
audio,33.69024,10.099444
audio,20.444527,10.834848
audio,38.971153,31.509405
audio,-17.153748,-30.522736
audio,13.155866,-20.444118
audio,-37.008896,-16.664541
audio,-19.356804,-2.638448
audio,25.420937,15.309136
audio,25.59691,-25.252346
audio,-15.631477,-5.1636095
audio,-9.945362,-42.829506
audio,-39.87208,-32.829014
audio,-13.958955,-10.419507
audio,20.307169,8.428261
audio,35.855732,0.46309972
audio,31.765059,-4.9666214
audio,13.334283,-17.40494
audio,2.8895586,-29.481047
audio,37.156925,31.526545
audio,29.013317,-21.183792
audio,30.085243,-14.4485035
audio,52.47635,10.890904
audio,47.023228,7.71934
audio,-6.981351,-8.015066
audio,34.08727,9.990797
audio,-15.310939,-36.27456
audio,34.556152,23.729416
audio,10.549451,-16.171225
audio,45.710766,0.38539997
audio,-39.844925,-32.564785
audio,-36.471054,-27.745424
audio,22.103573,29.169271
audio,-25.399227,-32.499855
audio,24.190456,16.229317
audio,-1.86485,-9.763194
audio,-14.567033,-45.15834
audio,36.565056,25.471771
audio,41.54914,2.438544
audio,13.174772,-13.32734
audio,19.791733,-7.9731717
audio,-9.953765,-25.725616
audio,45.626938,23.177238
audio,54.923325,8.782029
audio,29.373255,-11.912674
audio,-14.764322,-20.055588
audio,43.747204,14.265842
audio,-5.1607285,-34.03159
audio,9.798452,-21.119682
audio,40.580402,-24.099937
audio,31.15268,-5.2462335
audio,-44.36214,-25.636833
audio,-11.899236,-4.6231728
audio,23.605223,0.020313019
audio,43.075787,1.209047
audio,-37.66098,-20.337097
audio,-31.757881,-21.167866
audio,38.096718,28.039337
audio,-30.122887,-29.585445
audio,43.236557,-0.68860096
audio,-29.237883,-32.43814
audio,33.161922,18.520054
audio,47.88254,-1.1054039
audio,2.033319,23.734917
audio,-41.373253,-21.433886
audio,28.315508,-20.359814
audio,-21.773521,-4.836997
audio,31.512758,33.7324
audio,24.452974,-3.796261
audio,-9.676413,11.688851
audio,46.799355,22.226517
audio,1.9126433,24.049232
audio,-13.832257,-4.920671
audio,27.448458,15.269024
audio,-19.81732,-18.514208
audio,-11.032075,-43.604866
audio,21.028515,37.126396
audio,31.759848,-11.608512
audio,62.133644,3.8082914
audio,40.21954,30.82614
audio,33.25216,34.419544
audio,36.186394,36.49408
audio,0.49586028,27.98801
audio,-32.58635,-23.348682
audio,47.84028,2.8784137
audio,-20.13683,-8.907604
audio,7.1260614,-47.341743
audio,-18.422968,-42.63655
audio,31.635462,17.494108
audio,17.12209,-34.17332
audio,36.41983,19.823341
audio,13.776799,-11.601533
audio,16.288788,-34.71458
audio,38.35248,29.438396
audio,41.34392,19.978418
audio,19.225319,-7.985965
audio,48.760567,1.2938993
audio,27.992962,14.498877
audio,34.120434,0.32952538
audio,30.601849,2.8646028
audio,-27.416296,-20.094835
audio,1.7568681,25.685257
audio,-5.0345583,-41.24309
audio,1.0082815,3.1060033
audio,53.89876,4.062671
audio,-20.569145,-6.561778
audio,12.220902,-11.070234
audio,27.219053,-27.87634
audio,34.296192,16.973984
audio,-17.11077,-3.6604538
audio,19.345762,-13.703399
audio,49.672546,4.2711263
audio,32.450626,-3.3878162
audio,-43.04974,-25.6277
audio,33.489883,0.56605345
audio,20.833025,-1.5244112
audio,42.46561,-3.4836137
audio,-23.877531,-17.66715
audio,19.235792,-31.475357
audio,17.656248,-19.5328
audio,-26.505537,-14.074703
audio,16.21244,-4.2209105
audio,-24.797613,-46.439114
audio,-25.912937,-46.758625
audio,28.847572,19.701694
audio,-13.989291,-16.439514
audio,-17.69443,-39.272633
audio,-15.693744,-4.158471
audio,8.186541,-37.891033
audio,-39.417152,-33.149963
audio,18.573013,-1.0997595
audio,-18.63753,-22.919353
audio,-20.507286,-14.546107
audio,28.50701,-26.522114
audio,20.110023,14.078951
audio,-4.0600457,-10.280817
audio,-24.754253,-29.363811
audio,-39.890152,-19.826147
audio,25.54354,-29.505842
audio,8.705666,-7.0550117
audio,8.29157,15.303086
audio,-19.516268,-11.474286
audio,-16.752638,-41.81518
audio,-23.659227,-46.521393
audio,-20.597881,-40.000805
audio,-23.205965,-40.88525
audio,-14.7577715,-28.02562
audio,-33.010105,-37.015636
audio,-27.24449,-46.14247
audio,-25.290735,-40.347023
audio,29.638529,-7.260216
audio,21.434175,35.069893
audio,-24.35897,-23.083094
audio,-7.7923083,-37.71053
audio,-26.591478,-24.643452
audio,60.651474,0.94042224
audio,-10.816445,-45.049538
audio,-20.82496,-38.986458
audio,-38.14901,-19.88523
audio,48.20726,-1.0794305
audio,-28.781904,-39.654472
audio,3.259747,-12.637002
audio,-19.053356,-24.496452
audio,-14.219042,-41.804707
audio,41.674137,11.132078
audio,-1.2372543,-12.677131
audio,-17.90899,-9.272392
audio,-44.041435,-12.84445
audio,-26.432028,-28.987587
audio,-20.716879,-20.5608
audio,-24.157906,-18.091534
audio,-17.23094,-35.841125
audio,-36.14136,-15.4545
audio,17.559645,-19.521059
audio,-13.6428175,-10.01694
audio,-31.764555,-21.46575
audio,-38.113358,-25.815418
audio,-36.116596,-23.963713
audio,30.34495,18.018509
audio,-13.923581,-35.509125
audio,-16.28725,-37.331745
audio,-3.5672119,-40.944298
audio,-8.353126,-9.597207
audio,13.515752,19.132135
audio,-14.617317,-2.2693105
audio,-20.878641,-36.386375
audio,-1.5314395,-20.404848
audio,38.515312,9.66058
audio,24.238268,-21.843304
audio,18.80774,-35.13004
audio,0.3582711,8.041701
audio,-26.05498,-41.6148
audio,-21.91918,-5.25952
audio,-2.0899982,-28.966291
audio,-44.08555,-24.585213
audio,-33.794014,-29.807123
audio,-48.32808,22.06523
audio,24.29849,15.124609
audio,-2.8995245,-13.425022
audio,-12.926794,-42.737366
audio,39.038464,-3.0881083
audio,-1.9701264,-2.551037
audio,-23.015545,-49.69043
audio,-41.56358,-19.81794
audio,-8.130787,-45.354225
audio,-11.181923,-1.1954541
audio,-41.930557,-34.257793
audio,36.629513,1.7386833
audio,12.49297,-9.573401
audio,48.832714,-20.505033
audio,17.441149,-27.223396
audio,-45.808117,25.317644
audio,-38.188686,-27.041317
audio,-36.014256,-30.530096
audio,-17.055025,-31.388784
audio,-39.7542,-20.938015
audio,-6.499784,-42.872253
audio,-20.55767,-7.8433104
audio,-17.686304,-16.514042
audio,-6.212767,-46.47255
audio,-32.868645,-31.803944
audio,-3.9944136,-42.56657
audio,-39.046593,-30.873259
audio,-43.062714,-31.902239
audio,-11.0711155,0.6821588
audio,25.691957,-18.616169
audio,-37.878098,-26.557323
audio,-35.798264,-38.195576
audio,-19.556032,-2.0090945
audio,-5.6451592,-44.687435
audio,17.705036,-22.524225
audio,-20.60721,-30.31269
audio,-29.456236,-34.923275
audio,43.541325,10.373848
audio,49.905903,-5.8367677
audio,-19.656694,-36.45404
audio,-24.634506,-42.000816
audio,-18.106728,-40.106422
audio,20.089607,-3.097633
audio,36.553032,0.8423558
audio,9.781914,-12.440967
audio,-21.754984,-24.368502
audio,-25.40185,-39.904514
audio,37.760113,0.925652
audio,17.492437,-3.2190492
audio,-25.200533,-29.201466
audio,-6.5782123,-10.658381
audio,-28.356333,-36.782
audio,19.183418,19.07022
audio,32.698917,-8.443887
audio,40.035606,-26.786556
audio,21.666037,-31.345629
audio,-26.356632,-38.17678
audio,-6.015147,-9.560579
audio,-18.933233,-15.976558
audio,-24.109116,-39.10965
audio,-24.318422,-44.04659
audio,-1.487978,-43.75268
audio,4.176308,30.42032
audio,-4.664281,-9.192227
audio,-31.414633,-30.082535
audio,-19.274168,-16.257303
audio,22.398996,-21.861406
audio,-29.595692,-25.322226
audio,46.58735,22.585213
audio,31.479649,-1.8163483
audio,-13.305959,-29.5406
audio,-32.50711,-25.030272
audio,16.02347,-13.834638
audio,30.041533,-5.404571
audio,-5.652897,-46.329994
audio,46.4229,5.477371
audio,-14.173305,-32.54651
audio,23.232437,37.869633
audio,24.119833,10.922332
audio,23.22638,-14.326071
audio,-22.132086,-39.654976
audio,-18.96179,-36.69061
audio,24.961226,13.245153
audio,40.28359,-24.05557
audio,-18.524614,-47.83891
audio,-23.768091,-30.750443
audio,-16.630104,-10.829785
audio,-2.7664595,-35.185734
audio,-21.582901,-7.958703
audio,-25.179508,-36.112473
audio,36.59751,12.527088
audio,-8.523579,15.991309
audio,-13.912325,-30.85061
audio,-42.31464,-19.415602
audio,21.539991,-31.045925
audio,-8.745444,-46.56462
audio,14.074461,-6.6744103
audio,-8.3508,-44.878567
audio,24.35824,14.217224
audio,16.834211,-1.4969625
audio,44.008755,-1.6740313
audio,-22.314173,-11.44436
audio,-23.00849,-49.642727
audio,-4.528706,38.06103
audio,-37.526154,-24.87072
audio,-19.272583,-37.37017
audio,-31.523798,-34.807613
audio,36.17901,1.3436875
audio,17.147522,-26.467659
audio,28.215036,15.466379
audio,36.529934,14.965042
audio,39.558605,3.901926
audio,-20.637938,-32.785862
audio,-14.841551,-36.335228
audio,-42.218582,-32.185776
audio,17.395842,-33.9282
audio,38.274353,12.035725
audio,7.502151,3.669702
audio,-32.30827,-28.977516
audio,-19.450825,-7.6965404
audio,15.868676,30.902729
audio,4.071981,-26.608286
audio,-9.602851,-35.009655
audio,22.72587,-17.910706
audio,-19.772327,-27.283083
audio,56.98636,3.4388866
audio,-20.470928,-7.809407
audio,8.53806,-35.00048
audio,37.36326,3.2669206
audio,-26.253859,-19.78481
audio,51.891968,4.2128167
audio,-2.0720215,-9.376138
audio,-17.275019,-26.787582
audio,-13.860346,-28.523254
audio,29.241953,-18.854006
audio,-21.566544,-6.808918
audio,-10.882908,-35.14605
audio,-4.4727373,-39.62206
audio,19.686163,11.003065
audio,62.866127,2.5467503
audio,37.537865,0.092984214
audio,21.240845,33.186337
audio,12.12042,-21.547277
audio,-7.443134,-47.16702
audio,13.767426,11.050534
audio,-24.236729,-19.35595
audio,-0.62142533,-1.9727901
audio,46.291916,-4.46999
audio,-25.889462,-26.464474
audio,-8.880506,-39.11684
audio,-7.483732,-44.117577
audio,-40.301056,-22.126995
audio,-15.708065,-43.620945
audio,5.249401,-9.955217
audio,5.210858,-9.901371
audio,-25.25025,-46.153294
audio,-31.43493,-31.39642
audio,-42.249336,-15.626697
audio,1.2533964,-9.550662
audio,-34.95596,-31.061451
audio,-7.766187,-40.040028
audio,-6.9229403,-43.37863
audio,40.260166,-2.2240553
audio,-4.7812815,-43.77278
audio,-5.29293,-10.240655
audio,-26.585783,-42.45079
audio,-17.208355,-5.955167
audio,-23.999025,-37.642635
audio,20.517826,-19.42359
audio,21.76491,-17.093876
audio,16.739346,-15.162234
audio,-6.8605375,-38.811096
audio,-35.997646,-15.301552
audio,55.360195,-0.6845882
audio,-35.110195,-23.00724
audio,52.10557,0.52082413
audio,-41.477966,-36.04277
audio,-26.318106,-28.161848
audio,26.7125,-28.396013
audio,-12.313279,-7.2601504
audio,44.842983,10.77834
audio,-32.318462,-27.055494
audio,-43.231934,-14.43889
audio,53.985985,3.1211476
audio,-3.5049853,-9.52809
audio,-16.03658,-27.828253
audio,-35.271137,-25.247705
audio,-39.089855,-22.78628
audio,-35.08467,-27.002392
audio,28.484661,10.311776
audio,-29.672178,-30.597265
audio,26.256737,24.596264
audio,-16.695995,-20.988241
audio,6.91996,-17.152376
audio,20.418726,-18.549126
audio,27.981142,18.480316
audio,42.591972,1.3052453
audio,-10.649132,-46.911655
audio,-26.679167,-38.517124
audio,-10.371351,-5.4741125
audio,19.666601,-34.943726
audio,-30.740337,-25.737114
audio,32.527138,-7.7221403
audio,28.950972,6.503767
audio,-12.471186,-31.470903
audio,-8.075843,12.639905
audio,30.280407,-0.8772437
audio,-37.047585,-27.317848
audio,-29.292995,-27.61727
audio,11.680308,-5.775328
audio,-20.010534,-31.346148
audio,49.398396,-20.42668
audio,19.67756,-20.470402
audio,15.743686,-34.952778
audio,-30.228142,-32.486183
audio,-13.152495,-44.482407
audio,-2.5079231,-44.95627
audio,-16.291193,-2.1428149
audio,41.721672,17.139532
audio,26.882355,30.194998
audio,59.843597,2.8270025
audio,33.321705,-17.47413
audio,-19.244884,-39.25287
audio,-28.919373,-43.255062
audio,-26.817587,-48.078194
audio,33.222103,32.296593
audio,29.79444,-20.93529
audio,-27.545935,-17.122822
audio,-24.837614,-26.35583
audio,-31.61502,-29.19492
audio,31.78471,27.039576
audio,23.105032,-29.003483
audio,-43.03216,-14.904127
audio,24.39883,-27.841064
audio,15.416814,-13.000572
audio,-24.098822,-23.626057
audio,-29.278845,-29.396374
audio,44.931465,20.42135
audio,-23.142332,-33.735653
audio,40.025852,-2.0074337
audio,18.945929,10.697457
audio,-21.88119,-40.48344
audio,-10.110643,-47.414948
audio,19.919672,-23.23516
audio,-43.671543,-31.316416
audio,22.245047,29.18976
audio,-39.08298,-25.973228
audio,-5.836683,-45.263695
audio,4.249317,-25.505589
audio,-15.129014,-20.613728
audio,51.449776,5.0633984
audio,21.311592,37.01411
audio,36.604164,18.140688
audio,36.938786,17.39668
audio,15.69116,19.790041
audio,-13.942244,-7.3412786
audio,-0.5090624,4.613386
audio,-19.78028,-4.103684
audio,39.333702,30.263386
audio,-8.218368,-40.791157
audio,13.599456,19.332754
audio,-0.704585,3.88023
audio,-43.183796,-26.476276
audio,18.81704,-34.784393
audio,35.780304,26.00423
audio,40.802418,31.045506
audio,-26.40316,-14.229874
audio,-4.7522326,-47.07575
audio,20.808472,0.41336122
audio,29.214718,6.8510537
audio,-14.440219,-9.732176
audio,5.360824,-35.68234
audio,22.178654,-18.124163
audio,31.669283,34.163395
audio,38.41634,14.252537
audio,44.712173,-2.7090704
audio,46.330338,7.0696797
audio,35.221558,15.297301
audio,22.292427,-29.085335
audio,-20.979662,-35.30022
audio,35.052303,24.513546
audio,-15.529894,-39.501545
audio,31.752775,32.72606
audio,-12.523266,-47.58079
audio,-31.917011,-1.8342462
audio,13.25402,-22.88322
audio,-35.638203,-37.93905
audio,-10.965142,-36.531815
audio,-36.879757,-32.962193
audio,-8.194109,-39.582554
audio,17.038517,-14.716774
audio,-29.008127,-33.81218
audio,7.111217,-47.332867
audio,20.092121,-31.277878
audio,-0.06999945,-44.12884
audio,-25.06692,-27.427673
audio,17.119783,-15.702775
audio,35.069817,-14.432275
audio,16.986559,31.461872
audio,-14.629788,-8.830405
audio,21.607733,34.387268
audio,-17.998913,-26.780235
audio,61.850224,3.1536934
audio,-11.38508,-46.00459
audio,-32.29281,-23.996037
audio,5.9467397,-32.130104
audio,-23.048399,-37.490284
audio,-0.7238203,-42.839268
audio,33.397015,11.811006
audio,27.545029,9.7871895
audio,-35.780807,-28.352007
audio,32.37582,-5.322202
audio,29.914211,-12.226608
audio,45.689285,3.2676654
audio,-2.6857126,-43.216476
audio,37.172787,31.567244
audio,-10.849751,-24.482153
audio,-31.617096,-32.067127
audio,-15.106409,-24.745623
audio,29.180773,12.856778
audio,1.6669109,-41.279373
audio,-7.540401,-6.2560687
audio,15.1730585,-3.421639
audio,4.3016815,30.447617
audio,47.857357,2.2706494
audio,27.595531,-5.814662
audio,20.23335,37.678406
audio,-18.807981,-40.53728
audio,-35.529922,-39.279144
audio,-15.319876,-43.160774
audio,-35.18955,-22.01291
audio,12.526666,-22.263767
audio,21.222689,-3.2415955
audio,40.00011,3.108899
audio,-16.528143,-40.018356
audio,-26.831188,-46.419796
audio,-16.16925,-32.12341
audio,29.950607,11.808277
audio,-42.681286,-35.625923
audio,-30.948221,-31.029377
audio,23.393795,-25.921087
audio,-28.201365,-30.64695
audio,-33.163548,-38.11655
audio,36.516796,13.439588
audio,2.362934,-31.53695
audio,-8.568771,-28.306376
audio,28.940567,11.7254505
audio,-3.789302,-47.957672
audio,20.857573,0.9757292
audio,-28.320562,-42.039417
audio,30.360956,26.350378
audio,45.102768,1.7313192
audio,-4.868368,-7.6560006
audio,-36.725166,-26.177418
audio,23.658838,3.0248008
audio,24.688206,-21.702015
audio,-38.191334,-20.0689
audio,-12.4631815,-39.207527
audio,27.124384,-29.050562
audio,59.129726,4.9458613
audio,32.94907,13.646639
audio,35.866825,13.785762
audio,-39.88199,-23.055202
audio,8.183523,-37.00814
audio,-13.500004,-39.279537
audio,1.9320536,-10.048226
audio,37.026505,-18.389683
audio,-29.252731,-29.330662
audio,1.4182969,19.097225
audio,-16.224098,-48.211765
audio,32.404366,18.797005
audio,25.194448,30.94705
audio,10.553611,-12.277587
audio,14.115724,-1.778969
audio,32.240387,20.355507
audio,20.372723,-27.56877
audio,28.36653,7.1031227
audio,-32.617435,-41.69781
audio,-16.010645,-7.622344
audio,20.598616,-20.753645
audio,-25.454212,-32.89631
audio,6.8572106,-18.100239
audio,-26.136484,-36.759487
audio,51.82343,10.342178
audio,-11.983319,0.6300849
audio,-11.786817,-8.150164
audio,-15.878044,-7.3967986
audio,36.856785,27.597889
audio,28.112883,6.925811
audio,-26.539066,-36.812977
audio,32.79321,16.731382
audio,36.824326,11.324227
audio,33.326237,6.693637
audio,7.2008624,-25.046694
audio,50.703323,11.4969425
audio,-17.120865,-18.364649
audio,14.641935,-3.1851122
audio,20.449175,-16.8285
audio,59.27589,5.09505
audio,-9.192793,-34.379646
audio,45.534203,4.6190066
audio,-24.226643,-15.941925
audio,32.760124,11.831601
audio,11.724289,-6.6214385
audio,-19.876745,-24.52066
audio,21.496262,1.783135
audio,0.46116439,-20.834032
audio,-10.639101,2.5388112
audio,-17.596354,-1.5774906
audio,-33.695644,-43.106922
audio,-17.364038,-48.40119
audio,-35.317825,-18.877396
audio,-24.98714,-43.034264
audio,22.974548,-27.965504
audio,5.4172525,-14.573862
audio,16.788511,10.706589
audio,-29.87141,-28.345406
audio,-26.27845,-28.325455
audio,31.996647,16.823057
audio,-39.70621,-24.723032
audio,-28.343319,-41.200123
audio,32.313946,9.482494
audio,-23.947071,-34.488224
audio,-42.24266,-33.73601
audio,25.865704,-29.198774
audio,-9.888533,-5.3299065
audio,50.05418,5.9202814
audio,15.505382,-11.361403
audio,47.65353,5.5619297
audio,11.58735,-11.345963
audio,-23.82533,-44.254684
audio,25.842411,-1.8073016
audio,23.15562,17.150118
audio,-37.62534,-17.965387
audio,-22.265863,-30.129023
audio,-25.363514,-20.33348
audio,62.676258,9.2183275
audio,37.490784,29.354837
audio,20.869848,-7.8131294
audio,26.309225,11.879488
audio,54.92691,-1.2214066
audio,-33.88129,-38.055008
audio,-14.723051,-38.33427
audio,-23.989586,-42.96084
audio,-27.625847,-38.700905
audio,1.0466429,-19.551918
audio,30.46644,34.9809
audio,-3.5622337,-33.94485
audio,39.14011,1.8669424
audio,40.180824,-26.575434
audio,34.306255,14.1683655
audio,-6.0013094,24.370182
audio,-6.4200435,-31.386261
audio,-3.8431273,-27.084232
audio,-14.789913,-16.343792
audio,51.428875,10.138812
audio,48.45982,7.1678
audio,-29.686123,-40.90622
audio,-32.206596,-41.71521
audio,23.822296,-22.084318
audio,-4.147222,-37.90443
audio,22.446255,33.32099
audio,7.4858994,-11.148342
audio,13.768694,-11.495562
audio,20.719751,-7.779806
audio,-2.835176,17.8768
audio,-27.858118,-25.664598
audio,-41.88413,-35.420063
audio,48.539013,3.9185507
audio,-8.109067,-9.530593
audio,28.328917,-5.57812
audio,-5.8722568,-8.999108
audio,20.351456,-27.565144
audio,40.760456,-0.49938416
audio,-20.661695,-27.554964
audio,-7.487793,-7.4171786
audio,-1.1439536,-20.203732
audio,-13.620071,-3.3557527
audio,46.05094,-4.1753726
audio,46.723003,1.320335
audio,38.683804,3.6880238
audio,-10.207565,-42.995377
audio,-13.796807,-41.122917
audio,-34.57953,-40.690563
audio,36.073944,27.115547
audio,41.695763,-21.46598
audio,30.947712,-7.621719
audio,-26.276442,-44.075558
audio,33.871845,-10.031981
audio,-2.862571,-34.9701
audio,20.364586,-31.109543
audio,-22.029774,-27.038372
audio,-27.941612,-20.452866
audio,30.345705,33.958508
audio,-24.215868,-36.782974
audio,-43.71584,-24.885868
audio,39.907608,0.30663234
audio,-32.39092,-35.587093
audio,34.44089,13.068495
audio,10.675512,-7.020077
audio,24.93714,5.6873684
audio,-18.784876,-48.576202
audio,7.752199,-25.147772
audio,2.1958427,3.4485126
audio,-14.222263,-3.3988702
audio,33.085514,31.743809
audio,-25.249771,-16.667843
audio,-18.530909,-37.28671
audio,-25.914108,-35.45381
audio,-22.350634,-41.706398
audio,33.714603,6.7787023
audio,34.685215,-0.8869094
audio,-7.1168222,-37.67496
audio,-21.29061,-10.298795
audio,32.92667,17.276163
audio,32.98407,-7.972185
audio,-19.79293,-23.381094
audio,26.640396,-21.521736
audio,2.0873747,28.215416
audio,-44.211933,-13.347805
audio,30.122158,27.819374
audio,53.77321,1.1258407
audio,-33.644016,-26.516863
audio,-23.169125,-19.714664
audio,43.88612,-25.383146
audio,56.503155,9.479161
audio,-16.948023,-45.081596
audio,19.930294,-18.35876
audio,-0.88767517,-8.758912
audio,-40.28437,-22.013376
audio,35.144634,12.757636
audio,29.892876,-3.373628
audio,-9.312376,-26.12787
audio,-21.079336,-4.7537374
audio,22.8551,-2.37209
audio,14.785014,-6.2948947
audio,-17.33761,-17.416859
audio,33.494637,33.878975
audio,15.572339,-24.266575
audio,24.127989,-2.8236966
audio,-21.463509,-19.410389
audio,20.755545,-0.23447931
audio,50.619926,6.0009365
audio,-2.05836,-12.059428
audio,45.652035,20.432566
audio,37.024864,-18.383492
audio,-15.139137,-24.92858
audio,4.9453425,-24.36577
audio,-18.101748,-39.327652
audio,-7.992041,-27.211414
audio,-18.483345,-43.843014
audio,-22.673126,-12.657801
audio,-14.245021,-31.873686
audio,63.296043,4.205181
audio,31.821346,35.10698
audio,45.16807,15.388585
audio,57.241516,5.872526
audio,-2.6428494,19.184063
audio,-15.983958,-2.8586245
audio,37.59895,29.819952
audio,-37.891056,-21.956139
audio,-22.280512,-8.521238
audio,-25.559853,-20.59963
audio,38.80268,-0.22067203
audio,2.0986419,11.263073
audio,-15.455312,-5.1526184
audio,19.95426,-4.3285236
audio,53.890316,-5.647229
audio,-21.082516,-36.83735
audio,44.703167,10.480273
audio,2.093305,-10.139815
audio,31.991035,12.880276
audio,3.2739835,-29.289469
audio,39.095398,16.192493
audio,32.813953,29.736656
audio,23.515026,-2.3091745
audio,-20.673937,-10.69849
audio,-41.040672,-22.968573
audio,0.5580077,-32.222927
audio,29.707047,-18.933828
audio,-17.878353,-5.126402
audio,8.149077,-9.617311
audio,9.846824,-35.034767
audio,-32.10942,-27.802067
audio,51.5928,7.9343615
audio,-9.70493,11.579737
audio,53.030895,6.983763
audio,10.938589,-5.425963
audio,13.906104,-2.7557945
audio,-15.45119,-35.10634
audio,-22.758303,-13.010531
audio,51.447884,7.3758254
audio,26.45147,-5.4520426
audio,-19.245993,-6.7821646
audio,-17.430243,-31.874342
audio,-3.641565,-3.3615975
audio,20.331495,-3.3251607
audio,9.508407,-19.20096
audio,-22.376865,-16.546545
audio,17.331696,-6.906566
audio,16.531092,-23.878302
audio,34.57959,9.651061
audio,-10.985416,-42.650513
audio,-38.50965,-25.11406
audio,20.078379,-20.16262
audio,19.155989,-13.812334
audio,-42.36282,-32.760498
audio,-5.944749,-8.406971
audio,-3.3591046,-3.174433
audio,28.080826,13.841571
audio,47.609386,10.595022
audio,57.289318,4.802222
audio,7.142873,-36.331623
audio,-25.952044,-12.041404
audio,30.214897,12.230385
audio,-2.4642448,-9.031042
audio,-23.265654,-13.881224
audio,24.523624,-28.658213
audio,-30.249577,-46.97217
audio,-1.5777334,-38.781063
audio,30.736874,25.851122
audio,-30.464499,-37.861355
audio,23.30578,39.455856
audio,-27.413273,-25.532593
audio,-33.206627,-29.09075
audio,24.190886,-20.295404
audio,17.82734,-1.1440613
audio,9.776276,14.193697
audio,-1.4205475,-31.605227
audio,41.325726,32.033234
audio,-36.93506,-39.076225
audio,30.276846,9.449242
audio,-10.4275875,-30.531136
audio,10.123134,-19.770576
audio,28.55072,-20.848057
audio,-26.729969,-40.740368
audio,47.62394,4.3106446
audio,-33.553585,-29.054857
audio,45.04234,20.32145
audio,17.655699,-24.555763
audio,38.82989,33.319794
audio,-40.593082,-25.984587
audio,-37.464725,-27.910675
audio,26.714636,-2.749566
audio,41.997303,-25.764286
audio,-18.287224,-8.025384
audio,-10.662788,-36.346867
audio,42.295574,-3.7684865
audio,12.60915,-18.32187
audio,-2.2849362,-10.854267
audio,-23.572105,-41.11258
audio,-11.004343,-24.284931
audio,30.04562,-12.746864
audio,37.90551,13.381213
audio,-32.54819,-35.578594
audio,36.497475,36.525387
audio,49.16124,9.703244
audio,-24.206354,-24.37883
audio,34.780846,30.425537
audio,-19.086357,-47.649258
audio,-38.215252,-24.122652
audio,16.699465,10.852057
audio,-7.367607,-47.631523
audio,-17.684566,-4.6832266
audio,-21.348806,-19.282108
audio,50.73885,9.021533
audio,-44.22513,-10.689908
audio,-16.447653,-33.45704
audio,4.9578085,-14.605767
audio,-9.108091,-1.9520272
audio,-41.391384,-26.499092
audio,21.085442,32.840977
audio,-31.306946,-34.73272
audio,-13.580763,-7.213695
audio,-9.148226,-6.272518
audio,-14.004773,-4.2737117
audio,34.33181,14.938112
audio,35.668346,18.848291
text,-22.871098,18.544495
text,-35.914494,6.876491
text,-9.583374,26.376472
text,-7.7192674,36.69545
text,-36.033287,5.2964873
text,-17.951303,24.837372
text,10.912286,1.6040256
text,-3.7204132,35.06073
text,15.698004,22.405674
text,-12.402838,26.671719
text,-29.28571,14.856689
text,-36.78785,21.521461
text,-23.572428,9.799552
text,15.203718,2.7266538
text,-47.81486,3.9625711
text,-25.422085,20.454731
text,-19.266401,31.241497
text,2.2649062,-17.99644
text,5.526872,0.4343268
text,-4.8751884,31.865995
text,8.553712,33.34494
text,5.3379965,6.2000237
text,-23.80889,23.191257
text,15.982838,15.303323
text,-38.56708,19.335716
text,0.33964917,-29.022867
text,-39.439793,3.8270197
text,-1.5833663,-24.277729
text,3.991855,1.5272044
text,-38.535328,15.878115
text,24.322626,4.497822
text,10.586204,6.3033853
text,9.883143,23.642176
text,-20.961931,17.798136
text,6.6028605,-29.006702
text,-39.502792,20.056087
text,-17.592712,35.357166
text,-16.729012,37.30891
text,-43.58573,1.4615978
text,-47.254425,-0.06906665
text,-35.682182,25.161335
text,-14.2197,32.35466
text,-4.508243,32.14652
text,-39.017693,18.090925
text,22.58444,22.072126
text,-6.0825715,18.232649
text,15.162326,33.642605
text,-40.662636,11.305262
text,-5.9771886,-12.482126
text,13.267347,-4.4775333
text,-45.045994,7.8099675
text,13.924312,4.3246
text,5.055738,35.04706
text,13.5265255,1.7919067
text,-25.223934,5.7846837
text,1.6454399,-25.487736
text,45.855118,-12.481272
text,43.170883,-23.296333
text,8.185729,17.90747
text,26.915012,-10.797482
text,23.975622,22.98517
text,5.889533,26.867762
text,43.31608,-23.015152
text,-17.298506,9.710775
text,41.893208,26.158531
text,-46.925674,14.98283
text,-6.7436786,-13.275604
text,7.0345516,-9.141316
text,-6.101515,30.683569
text,-24.291725,17.547226
text,10.883805,28.03202
text,26.309675,3.2432418
text,17.551092,-29.768103
text,27.433846,-1.2824882
text,-5.1345344,-12.495699
text,16.271484,35.74085
text,-44.8314,6.610273
text,8.205809,12.207758
text,38.022243,-14.638255
text,-16.689468,35.18455
text,13.440789,12.819802
text,10.543911,-3.0455332
text,-10.584579,26.605396
text,-1.3035374,24.67253
text,-2.4992788,25.786407
text,36.30415,-9.160713
text,1.4979198,-13.231693
text,8.14764,-0.13119957
text,-6.6682954,23.760273
text,-48.86859,10.244883
text,14.781679,-28.469463
text,-35.597187,16.026997
text,29.20838,30.51576
text,-2.881108,26.84563
text,-48.423058,20.16603
text,5.45511,43.119564
text,-48.699257,13.405399
text,10.049445,21.402098
text,-3.2853136,1.227177
text,10.409772,-2.0539033
text,36.15792,-13.319774
text,11.4059515,-2.6777759
text,-48.36451,18.42329
text,5.072966,35.133957
text,36.96768,-12.052587
text,-15.28537,1.3730824
text,-23.473564,2.7764897
text,-49.23822,16.586115
text,-8.263717,-19.710049
text,16.067213,33.8139
text,29.97956,29.876606
text,36.548084,-5.3285713
text,10.013803,7.3148227
text,-0.30656213,-30.4056
text,41.71184,24.6114
text,-51.437622,7.3693094
text,46.717854,-12.267094
text,61.48149,11.362355
text,30.423397,29.836311
text,40.390778,26.235577
text,18.067736,28.199032
text,-27.751945,5.8652153
text,42.16359,25.693909
text,62.72661,11.701947
text,43.52523,3.7116146
text,37.42662,-7.3375797
text,-38.60006,21.077589
text,-13.274955,3.062395
text,-31.676498,9.519159
text,22.458643,21.161211
text,5.726901,26.57392
text,-54.186028,5.342553
text,23.430826,31.601017
text,41.5355,28.540472
text,1.3360174,-13.879052
text,13.714065,-28.790222
text,37.44367,-10.986545
text,42.000263,29.121754
text,5.70451,8.344883
text,5.883206,6.552913
text,36.5378,-5.4969044
text,46.6552,25.209936
text,-3.4462903,-17.837452
text,61.346916,6.326596
text,46.06513,-8.668413
text,-5.848259,-20.868649
text,7.4786425,-3.420722
text,-6.842551,6.8729553
text,-20.985064,15.54152
text,24.61585,27.203138
text,-46.55392,8.682807
text,-28.6251,9.344734
text,15.649889,7.3425636
text,-25.039948,18.83186
text,38.47521,21.47363
text,-41.41496,14.939727
text,14.123817,29.482067
text,7.177334,-14.154242
text,42.802986,-22.768763
text,-43.42118,11.52888
text,22.453617,11.590393
text,-16.37546,9.236992
text,29.05166,32.10286
text,-7.7861967,-12.931876
text,-16.209656,13.989155
text,54.79075,12.640121
text,44.50265,-13.236583
text,44.65114,-8.987784
text,11.576564,9.145328
text,1.897209,-27.068512
text,10.355281,5.326714
text,9.243728,13.411012
text,1.1790138,-6.724517
text,-1.5468075,23.322035
text,42.74623,-11.507795
text,53.998135,12.102645
text,-17.832052,35.537563
text,-15.044087,32.583412
text,-52.03454,5.241533
text,41.761795,23.01339
text,-15.319867,16.175343
text,-47.01396,15.650755
text,-36.6122,20.31791
text,48.19745,25.21884
text,-30.519236,18.959576
text,37.517223,-1.4435627
text,-49.83554,2.8964634
text,-22.46979,17.414875
text,41.85791,25.970848
text,44.809544,-13.135126
text,47.24593,-11.669548
text,59.058178,13.343671
text,20.379486,18.350805
text,13.324363,23.553425
text,-13.665597,11.564756
text,-22.70182,10.609917
text,-1.0438114,31.532503
text,-2.00434,-25.199358
text,10.667848,8.896105
text,41.417965,23.462698
text,-15.481091,13.768714
text,-15.587753,22.078705
text,-34.162113,3.1168017
text,10.877484,25.734648
text,-14.69368,7.390974
text,-11.8513775,7.4096317
text,46.993256,-8.268557
text,-4.3564043,-18.340332
text,-10.479234,4.5978327
text,5.109499,7.212135
text,59.55097,14.16415
text,45.293503,27.729485
text,-1.233222,36.284813
text,4.846532,1.096572
text,16.29978,5.852794
text,-30.96595,17.29634
text,17.945723,3.9682848
text,-3.5604067,-22.065876
text,-48.040497,12.709543
text,13.704333,27.340672
text,19.307331,24.633999
text,-10.150585,15.991664
text,4.5246572,15.379234
text,-27.882427,24.148811
text,-11.391026,23.401793
text,-23.176336,25.123438
text,-37.024883,3.9523168
text,-19.555931,19.980394
text,-9.874806,16.111181
text,-4.389343,-20.94349
text,-7.8108773,-12.629134
text,-37.156994,2.8508537
text,-27.245636,13.012213
text,15.470616,35.223385
text,-13.419199,0.40828562
text,10.860211,6.245767
text,-2.5023205,-20.256857
text,-38.239067,18.157354
text,-36.474834,4.6644397
text,12.909932,18.207457
text,7.973422,-0.41727594
text,-24.38317,17.96864
text,-31.351713,12.453708
text,-23.6675,20.531136
text,-18.491783,22.550817
text,9.3561535,12.063119
text,14.39125,28.442366
text,-33.733246,5.60219
text,-27.235825,5.6962156
text,-31.03811,3.936473
text,-36.892136,12.575983
text,-10.703781,32.160812
text,-10.374253,6.68784
text,-18.315577,16.645205
text,-2.6633396,32.954292
text,-33.678043,21.691525
text,0.038307603,23.12997
text,-18.36556,21.591951
text,-34.51363,13.734099
text,-11.737535,32.243916
text,37.239346,-11.739205
text,10.233817,3.2456183
text,-29.39762,9.278311
text,-23.132572,16.810211
text,-25.482828,10.842835
text,-29.507124,14.522916
text,-41.93803,19.089602
text,-47.219078,19.646828
text,3.497229,14.794339
text,-10.2268,24.784752
text,-24.87946,5.0725384
text,-39.55017,7.5218267
text,-21.319294,15.395125
text,9.233711,23.18972
text,8.5780325,7.677627
text,-17.12879,36.800823
text,-22.23928,32.94173
text,32.124847,25.839123
text,8.386222,18.213112
text,6.922121,11.981747
text,-18.4612,16.822124
text,0.55916625,-26.608782
text,3.8286092,-17.330124
text,10.721822,12.706781
text,18.450317,-9.925737
text,-42.502037,21.94425
text,-30.350294,11.072192
text,-41.45533,20.557312
text,-0.84597117,-26.657192
text,-46.05895,13.116958
text,-46.393078,21.657145
text,-5.840077,-20.591803
text,60.08566,15.079699
text,-0.99654084,23.994177
text,12.494364,32.916504
text,11.993984,9.146453
text,-8.244818,5.581765
text,-0.028808236,-17.851374
text,-21.35845,14.32071
text,-34.188732,6.517919
text,25.999458,22.051855
text,-48.75349,18.986437
text,22.264137,14.564213
text,0.91564465,16.616238
text,-0.49670485,36.627914
text,17.138735,6.5219874
text,-19.556349,37.425808
text,-45.08683,10.7008705
text,-44.162537,9.049693
text,-21.67849,21.197779
text,-46.57363,0.9194415
text,-43.01204,18.897839
text,-4.0885944,-31.424717
text,-21.478838,30.096373
text,-9.756389,32.571556
text,-35.39735,13.991536
text,-8.24584,36.070484
text,-2.871088,-31.090649
text,-48.905254,18.257942
text,-9.861111,-1.3147848
text,27.111717,2.3501155
text,-41.857765,5.7957263
text,-43.278618,14.882965
text,-47.143467,20.188972
text,-28.177301,16.330462
text,-8.6976595,28.874296
text,-23.510214,15.578752
text,-26.951794,11.320776
text,-4.2567067,33.158127
text,40.887444,-6.790359
text,-20.07865,17.310484
text,-38.920715,6.5167384
text,-35.563087,25.162113
text,6.477932,-0.9378019
text,7.9020805,12.384693
text,-5.628995,10.074492
text,-40.8147,18.86918
text,-29.578949,12.693638
text,24.18612,16.09845
text,9.739233,4.460279
text,-17.316778,21.251574
text,2.7819734,-25.73255
text,-54.40445,5.3115125
text,14.540908,30.743847
text,9.239758,11.485896
text,42.154976,-25.097324
text,-43.173477,5.088967
text,-32.37232,23.490643
text,1.571976,-14.531417
text,-9.869062,29.818295
text,-29.137785,10.400393
text,-24.997179,16.55801
text,-8.604704,33.62282
text,2.930771,36.577553
text,6.656289,-29.015594
text,-30.610857,19.809628
text,-11.101493,34.664703
text,17.079264,14.261601
text,4.7527733,8.661661
text,40.091335,36.18616
text,40.123928,24.38951
text,-0.76258516,13.860009
text,-46.0994,3.4875424
text,-53.306084,15.160126
text,7.4068027,4.9439793
text,-3.9414854,32.572433
text,59.6387,11.673757
text,-40.25042,13.639638
text,16.13089,26.607416
text,27.294895,2.2146294
text,17.906406,7.7968535
text,-15.6867485,19.614773
text,-1.3952973,13.784134
text,17.980953,6.828334
text,14.8233385,-10.581837
text,-12.556839,28.353098
text,-28.110214,12.33729
text,-10.123625,5.8973293
text,-11.794866,35.16417
text,-14.145578,20.19542
text,-36.32853,5.8665
text,-12.588371,29.78196
text,18.018692,5.909989
text,-24.706558,1.1495818
text,-27.609152,4.54371
text,12.580777,23.046453
text,-46.48968,13.654579
text,10.731184,-35.190376
text,-43.398823,13.691203
text,12.691832,36.00908
text,4.313609,22.874043
text,21.04901,-12.2715435
text,-20.702545,34.55105
text,-36.21371,17.211199
text,9.1937065,18.123877
text,-47.75207,18.70923
text,8.891235,36.46001
text,-39.774437,7.7909293
text,26.921831,-11.031875
text,-5.796143,33.92721
text,7.4472365,6.084621
text,10.494705,31.784578
text,-3.2123847,0.26453763
text,14.1564245,3.1947916
text,-39.466892,13.192351
text,-23.536724,31.098015
text,2.544113,14.31405
text,57.945705,0.115064576
text,1.9601743,-6.7589417
text,-40.398666,3.7690861
text,-28.269043,22.894613
text,18.563309,21.027538
text,-51.42144,21.085985
text,-11.445976,33.802395
text,14.209851,6.3250155
text,-25.697151,7.269024
text,40.685696,26.019392
text,-39.287838,10.5829735
text,-45.536613,21.581661
text,15.313424,15.387734
text,-18.214508,25.158743
text,56.96396,11.410243
text,-49.794525,3.3009968
text,-12.147796,12.221324
text,3.1928654,-23.180588
text,14.956735,14.289114
text,-22.926004,18.480614
text,20.222704,22.967268
text,3.3754187,35.937477
text,16.852726,7.2049575
text,12.18819,22.277004
text,21.151695,-12.747051
text,11.527056,32.25234
text,-27.763054,3.8081381
text,-34.473347,8.180114
text,8.481772,6.6808434
text,-31.732115,6.425617
text,-13.105905,8.906746
text,-43.371006,1.1612792
text,4.683954,18.807102
text,-14.655704,25.538725
text,-15.304667,27.37238
text,-48.782887,11.103661
text,9.895278,21.566936
text,11.642748,-8.252041
text,-2.175842,10.13845
text,-2.3981147,-24.263494
text,-24.472618,2.379705
text,-51.91546,16.160488
text,5.5739307,-3.6936324
text,-45.418602,13.074148
text,-27.322357,12.325643
text,-19.491444,18.101807
text,-9.443374,-18.38206
text,4.5268054,16.458675
text,-50.017387,6.78093
text,-23.308292,24.439869
text,-12.006692,24.122904
text,-32.042652,12.0184965
text,4.239431,19.346981
text,-46.10346,0.86216295
text,-51.79843,7.5606694
text,-38.38763,10.052643
text,-27.139704,8.637695
text,-13.27773,31.728119
text,6.530419,1.7996982
text,16.590952,4.177845
text,-31.962538,9.28186
text,-15.496321,32.595764
text,-8.613262,37.439835
text,-13.049323,-2.0403116
text,18.896196,23.759003
text,-23.0803,13.875983
text,60.409336,-0.21996516
text,54.554443,14.301348
text,45.952576,-11.607314
text,-5.348428,-24.211466
text,-44.264545,7.450255
text,7.258487,-0.4733646
text,-47.337902,4.961297
text,-24.440435,10.641115
text,-44.537518,16.55212
text,1.8591679,19.0656
text,-16.75818,18.50884
text,2.615968,-20.650072
text,21.302427,7.3465157
text,18.643202,21.202642
text,40.903282,0.32956403
text,-29.001986,11.569449
text,10.631183,2.0195596
text,45.09755,-9.240478
text,13.759845,-4.5303926
text,-26.024132,1.0114235
text,9.787943,10.422403
text,7.4405966,30.953938
text,-32.454582,22.65348
text,5.83119,15.141754
text,3.0724761,11.075067
text,-48.03996,16.036478
text,-43.00565,5.6255193
text,7.766646,8.172325
text,-25.235758,20.274038
text,41.212677,29.405931
text,20.833193,7.680933
text,-6.631234,23.86283
text,-41.04899,3.7167416
text,4.7411613,37.72176
text,-6.59298,30.506275
text,-41.04595,-0.5064683
text,24.918982,18.84135
text,41.19127,29.512909
text,58.93281,18.340248
text,24.950157,-8.266243
text,-43.569717,14.424552
text,-25.773401,12.346956
text,40.63107,-9.710155
text,27.776594,31.323832
text,-24.414701,30.798285
text,-6.1361017,36.111225
text,-25.921896,12.302058
text,-45.053482,6.1618576
text,43.348343,-22.17172
text,-19.092245,36.06622
text,-46.38461,4.4150696
text,-20.07243,31.472729
text,-8.72421,2.8065662
text,-31.65656,3.6502647
text,-36.97826,9.628314
text,43.18199,-23.597197
text,-5.7767015,-24.017376
text,42.326115,4.2402472
text,-10.3624,30.82988
text,4.818512,-1.1604182
text,14.319132,22.11376
text,15.880684,6.478228
text,60.3431,-1.4297827
text,-8.689898,0.10209183
text,-53.13682,5.5276093
text,11.071005,35.969337
text,62.916096,5.57366
text,-12.262943,26.640903
text,-5.1660075,2.49062
text,-19.024385,34.91613
text,1.5102702,-28.460598
text,42.737785,4.274387
text,-17.30354,17.857485
text,-13.022841,3.188388
text,19.449633,24.661474
text,-15.5326,2.1451535
text,45.948837,26.076014
text,-17.501446,19.332825
text,11.912169,6.8179107
text,-49.451355,12.011041
text,-41.175358,13.515142
text,0.20976414,-1.1112394
text,10.368585,7.174442
text,46.086662,26.100466
text,-18.17769,12.666377
text,-12.507303,31.89396
text,16.828327,5.302928
text,4.403941,37.16475
text,-26.435257,0.28141433
text,56.50661,13.1293545
text,-6.571044,32.98677
text,26.743681,33.578465
text,-19.597208,32.57756
text,14.99692,13.3363
text,28.103065,32.048157
text,12.218337,40.226337
text,-22.447077,30.81626
text,4.75769,5.424832
text,-7.0197926,-22.17052
text,-36.757088,15.703484
text,27.797915,33.137516
text,17.364166,15.339214
text,63.76785,11.454237
text,-4.3893948,27.831686
text,-38.441067,21.974115
text,-42.247276,19.291327
text,-32.039986,16.550697
text,-12.031531,28.611694
text,14.351189,33.301094
text,-40.748028,17.291803
text,39.218918,-14.049783
text,15.218672,-8.376964
text,60.460957,-1.6933966
text,-24.704975,1.8965263
text,-30.86207,5.0490327
text,-18.755411,6.616342
text,41.611137,-6.579805
text,-18.873322,6.7644067
text,13.44528,32.681282
text,-6.1286545,-23.111683
text,27.821936,-1.0162278
text,-19.026806,14.739473
text,-37.548553,19.045198
text,1.9586077,-23.553753
text,4.339315,17.97196
text,-18.623613,32.31212
text,-4.4392924,33.35586
text,-1.1150129,10.527039
text,-30.8689,14.550707
text,41.912163,-4.703628
text,26.62376,-11.803211
text,-2.3216336,-23.835752
text,-11.210166,20.431967
text,16.87555,35.139805
text,2.1012044,-15.5785675
text,-34.035767,4.2456007
text,3.6222663,18.208961
text,57.597584,7.480565
text,15.276309,2.440466
text,-13.727314,16.158918
text,4.802093,-1.326735
text,14.345991,22.265871
text,59.972355,13.295142
text,12.123079,15.756835
text,7.1538334,8.738451
text,-40.473583,14.994046
text,2.8975809,7.733776
text,0.54083365,-26.976425
text,-9.237119,7.032683
text,14.825023,-5.0796022
text,18.891851,14.441925
text,45.902744,27.78906
text,10.297118,-34.332718
text,57.848473,12.0950165
text,24.55056,-8.627439
text,56.68759,7.570797
text,-13.530626,36.109116
text,-42.907124,11.293709
text,-41.4373,1.9487292
text,-49.997837,2.5773282
text,-41.31404,14.058915
text,-5.6774907,29.045364
text,56.62524,-1.031999
text,-4.0694876,-29.79438
text,25.97836,4.2144814
text,12.577864,31.537506
text,-2.0198715,-16.882523
text,-29.249645,25.353523
text,43.1612,29.483091
text,61.090412,11.029844
text,42.135365,-13.246161
text,-47.129555,4.9298253
text,24.788387,8.063162
text,7.817625,4.9699297
text,-50.911694,20.637417
text,-29.63907,16.071167
text,25.630394,-15.850391
text,62.46479,5.5032845
text,-5.6467066,29.648405
text,12.368993,29.476841
text,-38.57991,8.380134
text,3.526603,-21.504732
text,21.276062,24.39324
text,1.7212094,-7.0431185
text,39.0497,23.34074
text,-45.28637,15.295078
text,45.428524,-11.3637085
text,-10.52191,32.777782
text,20.365442,18.369268
text,39.212482,21.76103
text,32.365498,6.0427475
text,8.894402,1.8654068
text,5.4822893,25.890741
text,39.060345,-14.107631
text,8.924833,35.04136
text,25.055723,-7.83764
text,2.6284797,17.10155
text,17.94826,8.030621
text,-34.00568,24.115377
text,6.3721547,-21.124174
text,-21.74537,12.385483
text,60.399208,13.112744
text,-3.3081448,-30.955673
text,-13.542363,8.44074
text,-13.325126,10.176672
text,53.87806,14.97247
text,16.8985,13.9549265
text,12.984179,4.7093472
text,10.667818,34.214153
text,57.32627,16.118214
text,12.250149,40.257587
text,5.278347,-23.207338
text,63.606754,6.3104634
text,-10.011426,35.236904
text,12.7417,-3.341894
text,39.004124,-15.559949
text,56.716236,8.459947
text,-20.865288,20.205708
text,17.823711,35.18606
text,-12.079334,28.249277
text,61.656124,7.804222
text,3.7717104,-21.508127
text,-13.706442,13.781116
text,12.031553,16.207188
text,5.357138,9.988695
text,2.9600306,-22.732088
text,-51.046043,17.638708
text,-28.794937,18.024725
text,-16.183651,22.61081
text,-6.312282,5.9078755
text,-39.678722,21.678804
text,-5.129856,34.560764
text,-1.4164563,-17.037941
text,15.755082,34.682976
text,-26.636417,7.565611
text,-27.771942,12.213086
text,15.921067,16.488237
text,-24.775087,5.404074
text,-49.303894,13.229362
text,19.602465,20.565577
text,-35.818634,20.758673
text,-9.859298,29.836922
text,-32.83526,18.32029
text,-9.70952,4.7637124
text,58.712772,11.934377
text,-28.50106,8.225149
text,58.848385,11.096797
text,12.978351,-29.05486
text,-35.56001,19.749834
text,58.64055,8.043146
text,0.3107117,-4.3157406
text,-45.964928,23.796629
text,-45.72779,7.232668
text,-30.502935,3.4216883
text,12.892788,-28.04513
text,10.556029,36.195477
text,-7.672474,5.523586
text,-2.0963256,32.162605
text,-12.318715,24.683279
text,-40.708218,21.066532
text,9.363478,1.946839
text,-18.012636,12.509759
text,18.59994,-9.95772
text,5.7474127,-20.107462
text,29.200686,31.106234
text,-1.2258568,-30.145632
text,28.303492,35.969215
text,36.229733,-13.522428
text,10.536876,34.265656
text,-1.8163042,29.78109
text,4.8267117,8.795969
text,59.826504,12.404871
text,3.262879,35.432976
text,58.341988,10.792756
text,57.868366,9.756471
text,-48.357185,12.682839
text,-38.919464,16.104567
text,9.130016,21.409891
text,-20.206182,22.13109
text,27.616634,33.96224
text,13.906292,-4.392254
text,-18.564123,25.749937
text,-5.5184875,1.7455804
text,6.5526404,13.781921
text,-44.29926,11.675109
text,6.328008,3.9292154
text,34.561993,-10.107284
text,43.807346,28.21454
text,56.90131,17.921785
text,1.9889026,-23.994713
text,-32.04775,14.417693
text,42.005276,-6.4727836
text,-5.8782187,14.042999
text,1.3150647,-7.4205537
text,1.7360208,-22.310623
text,24.023039,-7.5085387
text,42.614105,28.057875
text,0.4296368,-5.41157
text,62.213726,5.6372967
text,-37.92634,8.414145
text,-27.047075,9.799877
text,-8.726784,35.600704
text,-51.711124,16.9518
text,5.88106,-5.8816657
text,61.493877,13.742148
text,40.335922,-9.930634
text,-5.3241153,6.026527
text,9.256278,33.82337
text,-23.931385,22.597265
text,-24.84836,9.507541
text,-16.574707,23.090683
text,29.985662,32.02376
text,-19.629583,18.703796
text,-48.915573,0.98252976
text,11.338142,35.875523
text,-38.88801,10.362114
text,-3.5260136,35.638084
text,28.89129,25.73329
text,34.029114,36.2448
text,-9.282095,-18.536644
text,6.222818,-20.575386
text,10.413155,-3.0188503
text,-16.704151,5.534099
text,30.233015,28.622276
text,-21.288626,14.21481
text,5.9841585,19.480972
text,2.6745546,-26.785442
text,-29.463938,15.764355
text,11.130925,26.60086
text,17.794018,-11.485391
text,-22.164457,31.918015
text,-17.995995,9.920326
text,10.937811,27.577898
text,25.496698,4.0250874
text,-17.240309,15.724946
text,12.678131,15.534004
text,9.125778,31.242535
text,-47.85414,1.0389031
text,28.271914,30.412966
text,56.32433,-0.97633994
text,-46.353077,10.78151
text,-15.964166,12.788663
text,6.2543263,-23.163015
text,58.164967,9.6161995
text,-20.832071,29.961378
text,10.626706,17.867903
text,37.081203,-9.652556
text,-45.711628,8.33869
text,-7.4246492,34.33728
text,-1.8442868,30.792078
text,-15.599887,7.008925
text,-21.401104,17.182177
text,9.963504,19.925907
text,-14.656587,8.502834
text,-0.015760478,36.70919
text,26.292114,33.660366
text,2.8157687,-1.343445
text,4.808421,1.0279518
text,-16.746166,14.161184
text,-13.6992235,14.367878
text,57.425716,15.640422
text,3.460826,-4.5845466
text,42.308884,27.415623
text,39.689934,23.891132
text,-35.763535,22.121668
text,1.2400955,-25.083862
text,-25.8027,1.9615726
text,5.316312,7.9346957
text,-34.898117,13.8306055
text,-13.766921,2.2995446
text,-12.303119,10.724959
text,-6.695444,6.093458
text,40.73929,-12.618712
text,-7.7951593,0.0922266
text,60.503548,9.949928
text,-9.375821,-13.799343
text,-15.531528,1.6945477
text,22.670818,22.197968
text,-47.272026,12.042365
text,-34.628307,7.1895113
text,-29.622404,13.542416
text,43.82926,-7.6846185
text,-8.102298,4.4395313
text,-15.32533,1.0950286
text,4.621798,-5.557
text,33.211975,-3.7770088
text,-41.63332,7.4589524
text,27.772057,33.148632
text,0.18080927,-6.5711403
text,12.020913,29.84844
text,18.691374,28.589493
text,6.5952377,13.477842
text,43.049847,25.797178
text,9.293961,27.87379
text,-17.162384,18.346813
text,-44.529274,12.064406
text,-22.99647,9.292001
text,11.527856,15.599731
text,-27.858097,23.991634
text,35.9949,-12.356274
text,23.914791,26.960846
text,-33.313118,5.231125
text,57.997032,13.194865
text,59.575806,15.709218
text,58.408283,13.789625
text,4.4536424,-5.463685
text,7.637577,-1.5766274
text,-13.305424,11.140704
text,-14.554412,3.3493073
text,58.951904,10.060316
text,2.45103,-18.9954
text,-16.750492,15.738766
text,-6.557679,-23.65975
text,44.655132,30.128176
text,0.59001845,16.285847
text,5.7275352,-2.152571
text,-13.46556,20.310389
text,-12.809702,8.860171
text,17.410942,15.689464
text,6.726396,19.75146
text,-33.13891,21.865547
text,-46.093082,15.132084
text,25.602236,-15.736881
text,-49.508335,7.1135798
text,-34.364323,15.650527
text,-3.3188467,0.6942547
text,-7.3582554,0.13434821
text,25.206907,7.669542
text,0.2597058,-24.756586
text,57.24741,7.388413
text,-8.737412,-13.5155325
text,-15.659694,25.214249
text,60.467285,8.439932
text,-45.530235,21.47528
text,47.436504,-13.961025
text,-47.74966,6.1834855
text,5.4649677,-19.578402
text,-9.1362505,29.761837
text,21.68028,23.898283
text,-5.39307,1.379138
text,5.3970647,-18.99012
text,-41.0459,9.882585
text,-46.018597,6.602558
text,10.281099,20.25758
text,4.7483864,-5.136036
text,19.359615,14.369255
text,-7.440186,-20.55596
text,-4.415485,-18.425106
text,-8.919005,37.775368
text,9.106302,27.960487
text,2.3602245,7.9094353
text,-13.6425085,21.205805
text,41.53701,-12.805465
text,-6.7991896,-18.405645
text,59.920555,10.599563
text,-42.3364,8.243815
text,57.743904,16.931934
text,12.449393,-29.83916
text,-16.077684,4.049184
text,-42.442024,18.158192
text,-50.493744,17.598202
text,46.390224,25.015558
text,-5.6897197,9.99829
text,-14.920889,7.9004745
text,-21.559793,19.139694
text,45.84381,-8.800056
text,15.362369,12.863464
text,-3.8830888,6.35018
text,13.662101,5.738386
text,-50.69864,3.2521777
text,13.44879,-8.321707
text,9.970418,30.430592
text,-3.066245,22.42419
text,54.19102,12.156056
text,43.22153,23.936695
text,-32.535152,8.488905
text,45.224186,26.000696
text,-37.564865,11.923955
text,-44.111404,5.890567
text,34.675526,-13.138528
text,-4.8603826,33.715645
text,-13.167973,0.5880253
text,-15.755733,17.415861
text,58.907433,12.442379
text,-49.321533,0.5353528
text,-24.269297,9.153471
text,10.80976,-0.048665404
text,40.497505,-9.027755
text,-42.456043,2.470349
text,11.592773,28.36159
text,-17.867516,11.912631
text,-7.888734,8.709382
text,1.0314537,0.3430273
text,29.612803,26.474838
text,7.5990458,22.10507
text,15.778903,26.552176
